<?xml version="1.0" encoding="UTF-8"?>
<metadata xml:lang="en"><Esri><CreaDate>20140611</CreaDate><CreaTime>14065700</CreaTime><ArcGISFormat>1.0</ArcGISFormat><SyncOnce>TRUE</SyncOnce><DataProperties><lineage><Process ToolSource="c:\program files (x86)\arcgis\desktop10.1\ArcToolbox\Toolboxes\Data Management Tools.tbx\Append" Date="20140603" Time="120121">Append bridges_draped;ground_draped "F:\0 New - Modified 02-01-08\Cleveland Metroparks GIS\CMP-wide\trails_server\Shapefiles\WORK\cm_trails_draped.shp" NO_TEST "Id "Id" true false false 10 Double 0 10 ,First,#,F:\0 New - Modified 02-01-08\Cleveland Metroparks GIS\CMP-wide\trails_server\Shapefiles\WORK\bridges_draped.shp,Id,-1,-1,F:\0 New - Modified 02-01-08\Cleveland Metroparks GIS\CMP-wide\trails_server\Shapefiles\WORK\ground_draped.shp,Id,-1,-1;SPEED "SPEED" true false false 19 Double 15 18 ,First,#,F:\0 New - Modified 02-01-08\Cleveland Metroparks GIS\CMP-wide\trails_server\Shapefiles\WORK\bridges_draped.shp,SPEED,-1,-1,F:\0 New - Modified 02-01-08\Cleveland Metroparks GIS\CMP-wide\trails_server\Shapefiles\WORK\ground_draped.shp,SPEED,-1,-1;SURFACE "SURFACE" true false false 80 Text 0 0 ,First,#,F:\0 New - Modified 02-01-08\Cleveland Metroparks GIS\CMP-wide\trails_server\Shapefiles\WORK\bridges_draped.shp,SURFACE,-1,-1,F:\0 New - Modified 02-01-08\Cleveland Metroparks GIS\CMP-wide\trails_server\Shapefiles\WORK\ground_draped.shp,SURFACE,-1,-1;COUNTY "COUNTY" true false false 80 Text 0 0 ,First,#,F:\0 New - Modified 02-01-08\Cleveland Metroparks GIS\CMP-wide\trails_server\Shapefiles\WORK\bridges_draped.shp,COUNTY,-1,-1,F:\0 New - Modified 02-01-08\Cleveland Metroparks GIS\CMP-wide\trails_server\Shapefiles\WORK\ground_draped.shp,COUNTY,-1,-1;SKILL_CM "SKILL_CM" true false false 80 Text 0 0 ,First,#,F:\0 New - Modified 02-01-08\Cleveland Metroparks GIS\CMP-wide\trails_server\Shapefiles\WORK\bridges_draped.shp,SKILL_CM,-1,-1,F:\0 New - Modified 02-01-08\Cleveland Metroparks GIS\CMP-wide\trails_server\Shapefiles\WORK\ground_draped.shp,SKILL_CM,-1,-1;RES "RES" true false false 80 Text 0 0 ,First,#,F:\0 New - Modified 02-01-08\Cleveland Metroparks GIS\CMP-wide\trails_server\Shapefiles\WORK\bridges_draped.shp,RES,-1,-1,F:\0 New - Modified 02-01-08\Cleveland Metroparks GIS\CMP-wide\trails_server\Shapefiles\WORK\ground_draped.shp,RES,-1,-1;NAME_ "NAME_" true false false 80 Text 0 0 ,First,#,F:\0 New - Modified 02-01-08\Cleveland Metroparks GIS\CMP-wide\trails_server\Shapefiles\WORK\bridges_draped.shp,NAME_,-1,-1,F:\0 New - Modified 02-01-08\Cleveland Metroparks GIS\CMP-wide\trails_server\Shapefiles\WORK\ground_draped.shp,NAME_,-1,-1;HIKE "HIKE" true false false 80 Text 0 0 ,First,#,F:\0 New - Modified 02-01-08\Cleveland Metroparks GIS\CMP-wide\trails_server\Shapefiles\WORK\bridges_draped.shp,HIKE,-1,-1,F:\0 New - Modified 02-01-08\Cleveland Metroparks GIS\CMP-wide\trails_server\Shapefiles\WORK\ground_draped.shp,HIKE,-1,-1;BUCKEYETR "BUCKEYETR" true false false 80 Text 0 0 ,First,#,F:\0 New - Modified 02-01-08\Cleveland Metroparks GIS\CMP-wide\trails_server\Shapefiles\WORK\bridges_draped.shp,BUCKEYETR,-1,-1,F:\0 New - Modified 02-01-08\Cleveland Metroparks GIS\CMP-wide\trails_server\Shapefiles\WORK\ground_draped.shp,BUCKEYETR,-1,-1;BIKE "BIKE" true false false 80 Text 0 0 ,First,#,F:\0 New - Modified 02-01-08\Cleveland Metroparks GIS\CMP-wide\trails_server\Shapefiles\WORK\bridges_draped.shp,BIKE,-1,-1,F:\0 New - Modified 02-01-08\Cleveland Metroparks GIS\CMP-wide\trails_server\Shapefiles\WORK\ground_draped.shp,BIKE,-1,-1;BRIDLE "BRIDLE" true false false 80 Text 0 0 ,First,#,F:\0 New - Modified 02-01-08\Cleveland Metroparks GIS\CMP-wide\trails_server\Shapefiles\WORK\bridges_draped.shp,BRIDLE,-1,-1,F:\0 New - Modified 02-01-08\Cleveland Metroparks GIS\CMP-wide\trails_server\Shapefiles\WORK\ground_draped.shp,BRIDLE,-1,-1;BRI_NAME "BRI_NAME" true false false 80 Text 0 0 ,First,#,F:\0 New - Modified 02-01-08\Cleveland Metroparks GIS\CMP-wide\trails_server\Shapefiles\WORK\bridges_draped.shp,BRI_NAME,-1,-1,F:\0 New - Modified 02-01-08\Cleveland Metroparks GIS\CMP-wide\trails_server\Shapefiles\WORK\ground_draped.shp,BRI_NAME,-1,-1;PRI_USE "PRI_USE" true false false 80 Text 0 0 ,First,#,F:\0 New - Modified 02-01-08\Cleveland Metroparks GIS\CMP-wide\trails_server\Shapefiles\WORK\bridges_draped.shp,PRI_USE,-1,-1,F:\0 New - Modified 02-01-08\Cleveland Metroparks GIS\CMP-wide\trails_server\Shapefiles\WORK\ground_draped.shp,PRI_USE,-1,-1;SURFACETYP "SURFACETYP" true false false 80 Text 0 0 ,First,#,F:\0 New - Modified 02-01-08\Cleveland Metroparks GIS\CMP-wide\trails_server\Shapefiles\WORK\bridges_draped.shp,SURFACETYP,-1,-1,F:\0 New - Modified 02-01-08\Cleveland Metroparks GIS\CMP-wide\trails_server\Shapefiles\WORK\ground_draped.shp,SURFACETYP,-1,-1;TRAIL_COND "TRAIL_COND" true false false 80 Text 0 0 ,First,#,F:\0 New - Modified 02-01-08\Cleveland Metroparks GIS\CMP-wide\trails_server\Shapefiles\WORK\bridges_draped.shp,TRAIL_COND,-1,-1,F:\0 New - Modified 02-01-08\Cleveland Metroparks GIS\CMP-wide\trails_server\Shapefiles\WORK\ground_draped.shp,TRAIL_COND,-1,-1;L_FEET "L_FEET" true false false 19 Double 15 18 ,First,#,F:\0 New - Modified 02-01-08\Cleveland Metroparks GIS\CMP-wide\trails_server\Shapefiles\WORK\bridges_draped.shp,L_FEET,-1,-1,F:\0 New - Modified 02-01-08\Cleveland Metroparks GIS\CMP-wide\trails_server\Shapefiles\WORK\ground_draped.shp,L_FEET,-1,-1;L_MILE "L_MILE" true false false 19 Double 15 18 ,First,#,F:\0 New - Modified 02-01-08\Cleveland Metroparks GIS\CMP-wide\trails_server\Shapefiles\WORK\bridges_draped.shp,L_MILE,-1,-1,F:\0 New - Modified 02-01-08\Cleveland Metroparks GIS\CMP-wide\trails_server\Shapefiles\WORK\ground_draped.shp,L_MILE,-1,-1;FID_CUY_BR "FID_CUY_BR" true false false 19 Double 15 18 ,First,#,F:\0 New - Modified 02-01-08\Cleveland Metroparks GIS\CMP-wide\trails_server\Shapefiles\WORK\bridges_draped.shp,FID_CUY_BR,-1,-1,F:\0 New - Modified 02-01-08\Cleveland Metroparks GIS\CMP-wide\trails_server\Shapefiles\WORK\ground_draped.shp,FID_CUY_BR,-1,-1;SOURCE "SOURCE" true false false 80 Text 0 0 ,First,#,F:\0 New - Modified 02-01-08\Cleveland Metroparks GIS\CMP-wide\trails_server\Shapefiles\WORK\bridges_draped.shp,SOURCE,-1,-1,F:\0 New - Modified 02-01-08\Cleveland Metroparks GIS\CMP-wide\trails_server\Shapefiles\WORK\ground_draped.shp,SOURCE,-1,-1;NOACA_TYPE "NOACA_TYPE" true false false 80 Text 0 0 ,First,#,F:\0 New - Modified 02-01-08\Cleveland Metroparks GIS\CMP-wide\trails_server\Shapefiles\WORK\bridges_draped.shp,NOACA_TYPE,-1,-1,F:\0 New - Modified 02-01-08\Cleveland Metroparks GIS\CMP-wide\trails_server\Shapefiles\WORK\ground_draped.shp,NOACA_TYPE,-1,-1;TRLSURFACE "TRLSURFACE" true false false 80 Text 0 0 ,First,#,F:\0 New - Modified 02-01-08\Cleveland Metroparks GIS\CMP-wide\trails_server\Shapefiles\WORK\bridges_draped.shp,TRLSURFACE,-1,-1,F:\0 New - Modified 02-01-08\Cleveland Metroparks GIS\CMP-wide\trails_server\Shapefiles\WORK\ground_draped.shp,TRLSURFACE,-1,-1;COST "COST" true false false 19 Double 15 18 ,First,#,F:\0 New - Modified 02-01-08\Cleveland Metroparks GIS\CMP-wide\trails_server\Shapefiles\WORK\bridges_draped.shp,COST,-1,-1,F:\0 New - Modified 02-01-08\Cleveland Metroparks GIS\CMP-wide\trails_server\Shapefiles\WORK\ground_draped.shp,COST,-1,-1;BRIDGE "BRIDGE" true false false 80 Text 0 0 ,First,#,F:\0 New - Modified 02-01-08\Cleveland Metroparks GIS\CMP-wide\trails_server\Shapefiles\WORK\bridges_draped.shp,BRIDGE,-1,-1,F:\0 New - Modified 02-01-08\Cleveland Metroparks GIS\CMP-wide\trails_server\Shapefiles\WORK\ground_draped.shp,BRIDGE,-1,-1;SURFACE_TY "SURFACE_TY" true false false 80 Text 0 0 ,First,#,F:\0 New - Modified 02-01-08\Cleveland Metroparks GIS\CMP-wide\trails_server\Shapefiles\WORK\bridges_draped.shp,SURFACE_TY,-1,-1,F:\0 New - Modified 02-01-08\Cleveland Metroparks GIS\CMP-wide\trails_server\Shapefiles\WORK\ground_draped.shp,SURFACE_TY,-1,-1;LABEL_NAME "LABEL_NAME" true false false 136 Text 0 0 ,First,#,F:\0 New - Modified 02-01-08\Cleveland Metroparks GIS\CMP-wide\trails_server\Shapefiles\WORK\bridges_draped.shp,LABEL_NAME,-1,-1,F:\0 New - Modified 02-01-08\Cleveland Metroparks GIS\CMP-wide\trails_server\Shapefiles\WORK\ground_draped.shp,LABEL_NAME,-1,-1;FOR_SHOW "FOR_SHOW" true false false 80 Text 0 0 ,First,#,F:\0 New - Modified 02-01-08\Cleveland Metroparks GIS\CMP-wide\trails_server\Shapefiles\WORK\bridges_draped.shp,FOR_SHOW,-1,-1,F:\0 New - Modified 02-01-08\Cleveland Metroparks GIS\CMP-wide\trails_server\Shapefiles\WORK\ground_draped.shp,FOR_SHOW,-1,-1;ONE_WAY "ONE_WAY" true false false 80 Text 0 0 ,First,#,F:\0 New - Modified 02-01-08\Cleveland Metroparks GIS\CMP-wide\trails_server\Shapefiles\WORK\bridges_draped.shp,ONE_WAY,-1,-1,F:\0 New - Modified 02-01-08\Cleveland Metroparks GIS\CMP-wide\trails_server\Shapefiles\WORK\ground_draped.shp,ONE_WAY,-1,-1;MtnBike "MtnBike" true false false 80 Text 0 0 ,First,#,F:\0 New - Modified 02-01-08\Cleveland Metroparks GIS\CMP-wide\trails_server\Shapefiles\WORK\bridges_draped.shp,MtnBike,-1,-1,F:\0 New - Modified 02-01-08\Cleveland Metroparks GIS\CMP-wide\trails_server\Shapefiles\WORK\ground_draped.shp,MtnBike,-1,-1" #</Process><Process ToolSource="c:\program files (x86)\arcgis\desktop10.1\ArcToolbox\Toolboxes\Data Management Tools.tbx\CalculateField" Date="20140603" Time="125946">CalculateField cm_trails_draped ONE_WAY "FT" VB #</Process><Process ToolSource="c:\program files (x86)\arcgis\desktop10.1\ArcToolbox\Toolboxes\Data Management Tools.tbx\CalculateField" Date="20140609" Time="111010">CalculateField cm_trails_draped ONE_WAY "TF" VB #</Process></lineage></DataProperties></Esri></metadata>
